{"G_GAN": 1.010938286781311, "G_L1": 15.4627685546875, "D_real": 1.0096080303192139, "D_fake": 0.9326112270355225, "_runtime": 52, "_timestamp": 1645647895, "_step": 0, "_wandb": {"runtime": 74}}