{"G_GAN": 0.9227219223976135, "G_L1": 12.754042625427246, "D_real": 0.5252915024757385, "D_fake": 0.9060028195381165, "_runtime": 106, "_timestamp": 1645645587, "_step": 1, "_wandb": {"runtime": 149}}